-- phpMyAdmin SQL Dump
-- version 5.2.0
-- https://www.phpmyadmin.net/
--
-- Servidor: 127.0.0.1
-- Tiempo de generación: 14-06-2023 a las 15:00:56
-- Versión del servidor: 10.4.27-MariaDB
-- Versión de PHP: 8.2.0

SET SQL_MODE = "NO_AUTO_VALUE_ON_ZERO";
START TRANSACTION;
SET time_zone = "+00:00";


/*!40101 SET @OLD_CHARACTER_SET_CLIENT=@@CHARACTER_SET_CLIENT */;
/*!40101 SET @OLD_CHARACTER_SET_RESULTS=@@CHARACTER_SET_RESULTS */;
/*!40101 SET @OLD_COLLATION_CONNECTION=@@COLLATION_CONNECTION */;
/*!40101 SET NAMES utf8mb4 */;

--
-- Base de datos: `practica_final1`
--

-- --------------------------------------------------------

--
-- Estructura de tabla para la tabla `articulos`
--

CREATE TABLE `articulos` (
  `id` int(11) NOT NULL,
  `nombre` varchar(255) DEFAULT NULL,
  `modelo_id` int(11) DEFAULT NULL
) ENGINE=InnoDB DEFAULT CHARSET=utf8mb4 COLLATE=utf8mb4_general_ci;

--
-- Volcado de datos para la tabla `articulos`
--

INSERT INTO `articulos` (`id`, `nombre`, `modelo_id`) VALUES
(1, 'Laptop', 1),
(2, 'Laptop Gaming', 1),
(3, 'Monitor', 2),
(4, 'Monitor Curvo', 2),
(5, 'Teclado', 3),
(6, 'Teclado Inalámbrico', 3),
(7, 'Mouse', 4),
(8, 'Mouse Ergonómico', 4),
(9, 'Impresora', 5),
(10, 'Impresora Multifuncional', 5),
(11, 'Router', 6),
(12, 'Router WiFi', 6);

-- --------------------------------------------------------

--
-- Estructura de tabla para la tabla `empleados`
--

CREATE TABLE `empleados` (
  `id` int(11) NOT NULL,
  `nombre` varchar(255) DEFAULT NULL,
  `sueldo` decimal(8,2) DEFAULT NULL,
  `edad` int(11) DEFAULT NULL,
  `sucursal_id` int(11) DEFAULT NULL,
  `tarea_id` int(11) DEFAULT NULL
) ENGINE=InnoDB DEFAULT CHARSET=utf8mb4 COLLATE=utf8mb4_general_ci;

--
-- Volcado de datos para la tabla `empleados`
--

INSERT INTO `empleados` (`id`, `nombre`, `sueldo`, `edad`, `sucursal_id`, `tarea_id`) VALUES
(17, 'Juan Perez', '2500.00', 30, 1, 1),
(18, 'María López', '3000.00', 35, 1, 2),
(19, 'Carlos Ramirez', '2000.00', 28, 1, 3),
(20, 'Ana Martínez', '2800.00', 32, 1, 1),
(21, 'Pedro González', '2200.00', 27, 1, 3),
(22, 'Luisa Torres', '2600.00', 31, 2, 2),
(23, 'Andrés Herrera', '1900.00', 26, 2, 3),
(24, 'Sofía Jiménez', '2400.00', 29, 2, 1);

-- --------------------------------------------------------

--
-- Estructura de tabla para la tabla `localidades`
--

CREATE TABLE `localidades` (
  `id` int(11) NOT NULL,
  `nombre` varchar(255) DEFAULT NULL
) ENGINE=InnoDB DEFAULT CHARSET=utf8mb4 COLLATE=utf8mb4_general_ci;

--
-- Volcado de datos para la tabla `localidades`
--

INSERT INTO `localidades` (`id`, `nombre`) VALUES
(1, 'rosario'),
(2, 'funes');

-- --------------------------------------------------------

--
-- Estructura de tabla para la tabla `modelos`
--

CREATE TABLE `modelos` (
  `id` int(11) NOT NULL,
  `nombre` varchar(255) DEFAULT NULL,
  `tipo_articulo_id` int(11) DEFAULT NULL
) ENGINE=InnoDB DEFAULT CHARSET=utf8mb4 COLLATE=utf8mb4_general_ci;

--
-- Volcado de datos para la tabla `modelos`
--

INSERT INTO `modelos` (`id`, `nombre`, `tipo_articulo_id`) VALUES
(1, 'X', 1),
(2, 'X', 2),
(3, 'Y', 1),
(4, 'Y', 2),
(5, 'Z', 1),
(6, 'Z', 2);

-- --------------------------------------------------------

--
-- Estructura de tabla para la tabla `proveedores`
--

CREATE TABLE `proveedores` (
  `id` int(11) NOT NULL,
  `nombre` varchar(255) DEFAULT NULL,
  `sucursal_id` int(11) DEFAULT NULL
) ENGINE=InnoDB DEFAULT CHARSET=utf8mb4 COLLATE=utf8mb4_general_ci;

--
-- Volcado de datos para la tabla `proveedores`
--

INSERT INTO `proveedores` (`id`, `nombre`, `sucursal_id`) VALUES
(1, 'Proveedor 1', 1),
(2, 'Proveedor 2', 2),
(3, 'Proveedor 3', 1);

-- --------------------------------------------------------

--
-- Estructura de tabla para la tabla `proveedores_articulos`
--

CREATE TABLE `proveedores_articulos` (
  `id` int(11) NOT NULL,
  `proveedor_id` int(11) DEFAULT NULL,
  `articulo_id` int(11) DEFAULT NULL
) ENGINE=InnoDB DEFAULT CHARSET=utf8mb4 COLLATE=utf8mb4_general_ci;

--
-- Volcado de datos para la tabla `proveedores_articulos`
--

INSERT INTO `proveedores_articulos` (`id`, `proveedor_id`, `articulo_id`) VALUES
(1, 1, 1),
(2, 1, 2),
(3, 2, 3),
(4, 2, 4),
(5, 2, 5),
(6, 3, 6),
(7, 3, 7);

-- --------------------------------------------------------

--
-- Estructura de tabla para la tabla `sucursales`
--

CREATE TABLE `sucursales` (
  `id` int(11) NOT NULL,
  `nombre` varchar(255) DEFAULT NULL,
  `localidad_id` int(11) DEFAULT NULL
) ENGINE=InnoDB DEFAULT CHARSET=utf8mb4 COLLATE=utf8mb4_general_ci;

--
-- Volcado de datos para la tabla `sucursales`
--

INSERT INTO `sucursales` (`id`, `nombre`, `localidad_id`) VALUES
(1, 'casa central', 1),
(2, 'funes', 2);

-- --------------------------------------------------------

--
-- Estructura de tabla para la tabla `tareas`
--

CREATE TABLE `tareas` (
  `id` int(11) NOT NULL,
  `nombre` varchar(255) DEFAULT NULL
) ENGINE=InnoDB DEFAULT CHARSET=utf8mb4 COLLATE=utf8mb4_general_ci;

--
-- Volcado de datos para la tabla `tareas`
--

INSERT INTO `tareas` (`id`, `nombre`) VALUES
(1, 'ventas'),
(2, 'inventarios'),
(3, 'finanzas');

-- --------------------------------------------------------

--
-- Estructura de tabla para la tabla `tipos_articulos`
--

CREATE TABLE `tipos_articulos` (
  `id` int(11) NOT NULL,
  `nombre` varchar(255) DEFAULT NULL
) ENGINE=InnoDB DEFAULT CHARSET=utf8mb4 COLLATE=utf8mb4_general_ci;

--
-- Volcado de datos para la tabla `tipos_articulos`
--

INSERT INTO `tipos_articulos` (`id`, `nombre`) VALUES
(1, 'A'),
(2, 'B');

--
-- Índices para tablas volcadas
--

--
-- Indices de la tabla `articulos`
--
ALTER TABLE `articulos`
  ADD PRIMARY KEY (`id`),
  ADD KEY `modelo_id` (`modelo_id`);

--
-- Indices de la tabla `empleados`
--
ALTER TABLE `empleados`
  ADD PRIMARY KEY (`id`),
  ADD KEY `sucursal_id` (`sucursal_id`),
  ADD KEY `tarea_id` (`tarea_id`);

--
-- Indices de la tabla `localidades`
--
ALTER TABLE `localidades`
  ADD PRIMARY KEY (`id`);

--
-- Indices de la tabla `modelos`
--
ALTER TABLE `modelos`
  ADD PRIMARY KEY (`id`),
  ADD KEY `tipo_articulo_id` (`tipo_articulo_id`);

--
-- Indices de la tabla `proveedores`
--
ALTER TABLE `proveedores`
  ADD PRIMARY KEY (`id`),
  ADD KEY `sucursal_id` (`sucursal_id`);

--
-- Indices de la tabla `proveedores_articulos`
--
ALTER TABLE `proveedores_articulos`
  ADD PRIMARY KEY (`id`),
  ADD KEY `proveedor_id` (`proveedor_id`),
  ADD KEY `articulo_id` (`articulo_id`);

--
-- Indices de la tabla `sucursales`
--
ALTER TABLE `sucursales`
  ADD PRIMARY KEY (`id`),
  ADD KEY `localidad_id` (`localidad_id`);

--
-- Indices de la tabla `tareas`
--
ALTER TABLE `tareas`
  ADD PRIMARY KEY (`id`);

--
-- Indices de la tabla `tipos_articulos`
--
ALTER TABLE `tipos_articulos`
  ADD PRIMARY KEY (`id`);

--
-- AUTO_INCREMENT de las tablas volcadas
--

--
-- AUTO_INCREMENT de la tabla `articulos`
--
ALTER TABLE `articulos`
  MODIFY `id` int(11) NOT NULL AUTO_INCREMENT, AUTO_INCREMENT=13;

--
-- AUTO_INCREMENT de la tabla `empleados`
--
ALTER TABLE `empleados`
  MODIFY `id` int(11) NOT NULL AUTO_INCREMENT, AUTO_INCREMENT=25;

--
-- AUTO_INCREMENT de la tabla `localidades`
--
ALTER TABLE `localidades`
  MODIFY `id` int(11) NOT NULL AUTO_INCREMENT, AUTO_INCREMENT=4;

--
-- AUTO_INCREMENT de la tabla `modelos`
--
ALTER TABLE `modelos`
  MODIFY `id` int(11) NOT NULL AUTO_INCREMENT, AUTO_INCREMENT=7;

--
-- AUTO_INCREMENT de la tabla `proveedores`
--
ALTER TABLE `proveedores`
  MODIFY `id` int(11) NOT NULL AUTO_INCREMENT, AUTO_INCREMENT=4;

--
-- AUTO_INCREMENT de la tabla `proveedores_articulos`
--
ALTER TABLE `proveedores_articulos`
  MODIFY `id` int(11) NOT NULL AUTO_INCREMENT, AUTO_INCREMENT=8;

--
-- AUTO_INCREMENT de la tabla `sucursales`
--
ALTER TABLE `sucursales`
  MODIFY `id` int(11) NOT NULL AUTO_INCREMENT, AUTO_INCREMENT=3;

--
-- AUTO_INCREMENT de la tabla `tareas`
--
ALTER TABLE `tareas`
  MODIFY `id` int(11) NOT NULL AUTO_INCREMENT, AUTO_INCREMENT=4;

--
-- AUTO_INCREMENT de la tabla `tipos_articulos`
--
ALTER TABLE `tipos_articulos`
  MODIFY `id` int(11) NOT NULL AUTO_INCREMENT, AUTO_INCREMENT=3;

--
-- Restricciones para tablas volcadas
--

--
-- Filtros para la tabla `articulos`
--
ALTER TABLE `articulos`
  ADD CONSTRAINT `articulos_ibfk_1` FOREIGN KEY (`modelo_id`) REFERENCES `modelos` (`id`);

--
-- Filtros para la tabla `empleados`
--
ALTER TABLE `empleados`
  ADD CONSTRAINT `empleados_ibfk_1` FOREIGN KEY (`sucursal_id`) REFERENCES `sucursales` (`id`),
  ADD CONSTRAINT `empleados_ibfk_2` FOREIGN KEY (`tarea_id`) REFERENCES `tareas` (`id`);

--
-- Filtros para la tabla `modelos`
--
ALTER TABLE `modelos`
  ADD CONSTRAINT `modelos_ibfk_1` FOREIGN KEY (`tipo_articulo_id`) REFERENCES `tipos_articulos` (`id`);

--
-- Filtros para la tabla `proveedores`
--
ALTER TABLE `proveedores`
  ADD CONSTRAINT `proveedores_ibfk_1` FOREIGN KEY (`sucursal_id`) REFERENCES `sucursales` (`id`);

--
-- Filtros para la tabla `proveedores_articulos`
--
ALTER TABLE `proveedores_articulos`
  ADD CONSTRAINT `proveedores_articulos_ibfk_1` FOREIGN KEY (`proveedor_id`) REFERENCES `proveedores` (`id`),
  ADD CONSTRAINT `proveedores_articulos_ibfk_2` FOREIGN KEY (`articulo_id`) REFERENCES `articulos` (`id`);

--
-- Filtros para la tabla `sucursales`
--
ALTER TABLE `sucursales`
  ADD CONSTRAINT `sucursales_ibfk_1` FOREIGN KEY (`localidad_id`) REFERENCES `localidades` (`id`);
COMMIT;

/*!40101 SET CHARACTER_SET_CLIENT=@OLD_CHARACTER_SET_CLIENT */;
/*!40101 SET CHARACTER_SET_RESULTS=@OLD_CHARACTER_SET_RESULTS */;
/*!40101 SET COLLATION_CONNECTION=@OLD_COLLATION_CONNECTION */;